화장실명,소재지도로명주소,소재지지번주소,남녀공용화장실여부,남성용-대변기수,여성용-대변기수,화장실입구cctv설치유무,기저귀교환대장소,전화번호,개방시간
가문동포구,,제주특별자치도 제주시 애월읍 하귀2리 2729-1,N,1,2,N,없음,064-728-8883,24시간
감수탕,제주특별자치도 제주시 감수북길 41,제주특별자치도 제주시 삼양이동 1965-3,N,1,2,N,없음,064-728-8175,24시간
검멀레,제주특별자치도 제주시 우도면 우도해안길 1142,제주특별자치도 제주시 우도면 연평리 318-2,N,3,3,N,없음,064-728-4342,24시간
검멀레주차장,제주특별자치도 제주시 우도면 우도해안길 1122,제주특별자치도 제주시 우도면 연평리 312,N,1,3,N,없음,064-728-4342,24시간
고내봉산책로,제주특별자치도 제주시 애월읍 고하상로 78-5,제주특별자치도 제주시 애월읍 하가리 1632-1,N,1,1,N,없음,064-728-8883,24시간
고산수월봉,,제주특별자치도 제주시 한경면 고산리 3758-2,N,2,4,N,없음,064-728-7952,24시간
고산엉알,,제주특별자치도 제주시 한경면 고산리 3653-3,N,1,2,N,없음,064-728-7952,24시간
공항입구주차장,제주특별자치도 제주시 다호북길 7,제주특별자치도 제주시 용담이동 1611,N,1,2,N,없음,064-728-3246,24시간
곽지과물해변통시,,제주특별자치도 제주시 애월읍 곽지리 1565-20,N,3,8,N,없음,064-728-8884,24시간
곽지해수욕장,,제주특별자치도 제주시 애월읍 곽지리 1566,N,5,8,N,없음,064-728-8884,24시간
곽지해수욕장서측(관광진흥과),,제주특별자치도 제주시 애월읍 곽지리 1565,N,4,7,N,없음,064-728-2765,24시간
관곶,,제주특별자치도 제주시 조천읍 신흥리 792-2,N,1,1,N,없음,064-728-8765,24시간
광령저수지 남쪽,,제주특별자치도 제주시 애월읍 광령리 3602-2,N,1,1,N,없음,064-728-8883,24시간
교래마을운동장,,제주특별자치도 제주시 조천읍 교래리 188,N,1,2,N,없음,064-728-7865,24시간
구좌공설묘지,,제주특별자치도 제주시 구좌읍 송당리 54-1,N,1,2,N,없음,064-728-7745,24시간
구좌충혼묘지,,제주특별자치도 제주시 구좌읍 세화리 1085-6,N,1,1,N,남자화장실+여자화장실,064-728-7745,24시간
궤물동산,,제주특별자치도 제주시 한림읍 귀덕리 3025-2,N,1,1,N,없음,064-728-7656,24시간
궤물오름주차장(남),,제주특별자치도 제주시 애월읍 유수암리 1191-2,N,2,0,N,없음,064-728-8883,24시간
궤물오름주차장(여),,제주특별자치도 제주시 애월읍 유수암리 1191-2,N,0,2,N,없음,064-728-8883,24시간
귀덕1리동방파제,제주특별자치도 제주시 한림읍 귀덕11길 23-3,제주특별자치도 제주시 한림읍 귀덕리 976-13,N,1,2,N,없음,064-728-7656,24시간
귀덕2리방파제,제주특별자치도 제주시 한림읍 한림해안로 621,제주특별자치도 제주시 한림읍 귀덕리 4110-2,N,1,2,N,없음,064-728-7656,24시간
그린공원 배드민턴장,,제주특별자치도 제주시 일도이동 46-2,N,1,1,N,없음,064-728-8023,24시간
그린쉼터(그린공원 내),,제주특별자치도 제주시 일도이동 46-2,N,1,2,N,없음,064-728-8023,24시간
금능리 포구,제주특별자치도 제주시 한림읍 금능7길 23,제주특별자치도 제주시 한림읍 금능리 1494-1,N,3,3,N,여자화장실,064-728-7656,24시간
금능해수욕장,제주특별자치도 제주시 한림읍 금능길 119-10,제주특별자치도 제주시 한림읍 금능리 2036-1,N,3,8,N,없음,064-728-7656,24시간
금등소공원,,제주특별자치도 제주시 한경면 금등리 697-3,N,1,2,N,없음,064-728-7952,24시간
기상청 인근,제주특별자치도 제주시 만덕로6길 24-6,제주특별자치도 제주시 일도일동 1181-1,N,2,2,N,없음,064-728-4416,24시간
김녕해녀작업장,,제주특별자치도 제주시 구좌읍 김녕리 1270-6,N,1,1,N,남자화장실+여자화장실,064-728-7745,24시간
김녕해수욕장,제주특별자치도 제주시 구좌읍 해맞이해안로 9,제주특별자치도 제주시 구좌읍 김녕리 497-4,N,2,3,N,여자화장실,064-728-7745,24시간
낙천테마마을,제주특별자치도 제주시 한경면 낙수로 97,제주특별자치도 제주시 한경면 낙천리 1913,N,1,3,N,여자화장실,064-728-7952,24시간
남또르쉼터,,제주특별자치도 제주시 애월읍 신엄리 2802,N,1,2,N,없음,064-728-8883,24시간
남생이못,,제주특별자치도 제주시 조천읍 신촌리 2497,N,1,2,N,없음,064-728-8765,24시간
남조봉공원,,제주특별자치도 제주시 오라이동 산 21-1,N,1,3,N,없음,064-728-3605,24시간
납읍난대림,제주특별자치도 제주시 애월읍 납읍로2길 36,제주특별자치도 제주시 애월읍 납읍리 1526-1,N,3,6,N,없음,064-728-8883,24시간
내도화장실,제주특별자치도 제주시 테우해안로 65,제주특별자치도 제주시 내도동 461-4,N,1,1,N,남자화장실+여자화장실,064-728-8314,24시간
노루생태관찰원 1,제주특별자치도 제주시 명림로 520,제주특별자치도 제주시 봉개동 산 51-2,N,3,5,N,여자화장실,064-728-3613,9시간
노루생태관찰원 2,제주특별자치도 제주시 명림로 520,제주특별자치도 제주시 봉개동 산 51-2,N,3,6,N,여자화장실,064-728-3613,9시간
노형 제1근린공원,제주특별자치도 제주시 정존5길 67,제주특별자치도 제주시 노형동 2584-1,N,3,6,N,남자화장실+여자화장실,064-728-3605,24시간
노형 제2근린공원,제주특별자치도 제주시 월광로 116,제주특별자치도 제주시 노형동 2582-1,N,3,4,N,없음,064-728-3605,24시간
노형근린공원,제주특별자치도 제주시 과원북4길 12,제주특별자치도 제주시 노형동 731,N,3,4,N,없음,064-728-3605,24시간
노형신비의도로,,제주특별자치도 제주시 노형동 291-25,N,3,5,N,남자화장실+여자화장실,064-728-8265,24시간
누웨모루거리공중화장실,제주특별자치도 제주시 신대로12길 54,제주특별자치도 제주시 연동 272-56,N,3,4,N,없음,064-728-8235,24시간
느지리오름,,제주특별자치도 제주시 한림읍 상명리 산5,N,1,2,N,없음,064-728-7656,24시간
다락쉼터,,제주특별자치도 제주시 애월읍 고내리 461-1,N,3,5,N,없음,064-728-8883,24시간
다려도,,제주특별자치도 제주시 조천읍 북촌리 산 88,N,1,1,N,없음,064-728-7865,24시간
다이빙 지상훈련장,제주특별자치도 제주시 서광로2길 24,제주특별자치도 제주시 오라일동 1165,N,2,2,N,없음,064-728-3293,09:00~18:00
닭머루,,제주특별자치도 제주시 조천읍 신촌리 3403,N,1,2,N,없음,064-728-8765,24시간
당오름,,제주특별자치도 제주시 구좌읍 송당리 산202-1,N,1,1,N,없음,064-728-7745,24시간
대서광장,,제주특별자치도 제주시 추자면 대서리 147-16,N,1,2,N,없음,064-728-4282,24시간
대서광장(공연장),,제주특별자치도 제주시 추자면 대서리 147-19,N,1,2,N,없음,064-728-4282,24시간
도두봉 섬머리,제주특별자치도 제주시 서해안로 197,제주특별자치도 제주시 도두일동 1749-4,N,2,4,N,여자화장실,064-728-4965,24시간
도두봉공원,제주특별자치도 제주시 도두항길 4-17,제주특별자치도 제주시 도두일동 산 2,N,2,4,N,여자화장실,064-728-3605,24시간
도항선대합실,제주특별자치도 제주시 우도면 우도해안길 70,제주특별자치도 제주시 우도면 연평리 1737-13,N,2,2,N,없음,064-728-4353,12시간
동동포구,,제주특별자치도 제주시 조천읍 신촌리 533-3,N,1,2,N,없음,064-728-8765,24시간
동문공설시장(시장입구-10번 게이트),제주특별자치도 제주시 동문로4길 9,제주특별자치도 제주시 일도일동 1103,N,2,5,N,여자화장실,064-728-2825,24시간
동문공설시장(종합안내센터 옆-시장쪽),제주특별자치도 제주시 동문로4길 9,제주특별자치도 제주시 일도일동 1103,N,2,3,N,없음,064-728-2825,24시간
동문수산시장(상인회사무실-주차장),제주특별자치도 제주시 관덕로14길 20,제주특별자치도 제주시 이도일동 1436-7,N,2,5,N,여자화장실,064-728-2825,24시간
동문재래,제주특별자치도 제주시 중앙로13길 16-8,제주특별자치도 제주시 이도일동 1330-5,N,1,2,Y,남자화장실+여자화장실,064-728-3246,13시간
동백동산(습지센타 주차장),제주특별자치도 제주시 조천읍 동백로 77,제주특별자치도 제주시 조천읍 선흘리 924,N,1,4,N,남자화장실+여자화장실,064-728-2742,24시간
동복마을운동장,,제주특별자치도 제주시 구좌읍 동복리 산 56-14,Y,1,0,N,없음,064-728-7745,24시간
동복어촌정주어항,,제주특별자치도 제주시 구좌읍 동복리 1585-2,N,1,1,N,남자화장실+여자화장실,064-728-7745,24시간
두모리포구,제주특별자치도 제주시 한경면 두모11길 51,제주특별자치도 제주시 한경면 두모리 2621-1,N,1,1,N,없음,064-728-7952,24시간
등대공원,제주특별자치도 제주시 추자면 영흥4길 46,제주특별자치도 제주시 추자면 영흥리 66,N,1,1,N,없음,064-728-4282,24시간
마중오름,,제주특별자치도 제주시 한경면 저지리 2181,N,1,3,N,없음,064-728-7952,24시간
망동산,,제주특별자치도 제주시 화북일동 1957,N,1,2,N,없음,064-728-8154,24시간
메지박,,제주특별자치도 제주시 추자면 대서리 365,N,1,1,N,없음,064-728-4282,24시간
면수동해녀탈의장,,제주특별자치도 제주시 구좌읍 하도리 3140-2,N,1,1,N,없음,064-728-7745,24시간
모진이,,제주특별자치도 제주시 추자면 신양리 47,N,1,3,N,없음,064-728-4282,24시간
모충사 화장실,제주특별자치도 제주시 사라봉길 75,제주특별자치도 제주시 건입동 387-4,N,3,3,N,없음,064-722-0614,24시간
목게,,제주특별자치도 제주시 추자면 대서리 산 186,N,1,2,N,없음,064-728-4282,24시간
목석원 체육시설,,제주특별자치도 제주시 아라일동 656-1,N,0,1,N,없음,064-728-8208,24시간
목지코지,,제주특별자치도 제주시 구좌읍 김녕리 6147,N,1,2,N,없음,064-728-7745,24시간
묵리,,제주특별자치도 제주시 추자면 묵리 731-5,N,1,2,N,없음,064-728-4282,24시간
미리내공원,제주특별자치도 제주시 미리내길 84,제주특별자치도 제주시 노형동 1888,N,3,5,N,없음,064-752-3391,09:00~18:00
미수동포구,,제주특별자치도 제주시 애월읍 하귀2리 1656-6,N,1,1,N,없음,064-728-8883,24시간
민속오일시장A(대장간옆),제주특별자치도 제주시 오일장서길 26,제주특별자치도 제주시 도두일동 1212,N,2,5,N,없음,064-728-2825,18시간
민속오일시장B(문화광장),제주특별자치도 제주시 오일장서길 26,제주특별자치도 제주시 도두일동 1212,N,2,5,N,없음,064-728-2825,18시간
민속오일시장C(주차장P3),제주특별자치도 제주시 오일장서길 26,제주특별자치도 제주시 도두일동 1212,N,2,5,N,없음,064-728-2825,18시간
민속오일시장오일시장D(농협 좌측),제주특별자치도 제주시 오일장동길 51,제주특별자치도 제주시 도두일동 1212,N,3,6,N,없음,064-728-2825,24시간
민속오일시장오일시장E(8번주차장 옆),제주특별자치도 제주시 오일장동길 51,제주특별자치도 제주시 도두일동 1212,N,3,7,N,없음,064-728-2825,18시간
바리메오름주차장,,제주특별자치도 제주시 애월읍 어음리 산 21,N,2,2,N,없음,064-728-8883,24시간
방선문,,제주특별자치도 제주시 오라이동 3819-11,N,1,2,N,없음,064-728-4816,24시간
백포어촌정주어항,제주특별자치도 제주시 서해안로 99,제주특별자치도 제주시 이호일동 347-1,N,1,2,N,없음,064-728-4935,24시간
법원북측주차장,,제주특별자치도 제주시 이도이동 1066,N,1,2,Y,없음,064-728-3246,9시간
별도봉산책로,제주특별자치도 제주시 별도봉길 3-19,제주특별자치도 제주시 화북일동 4517,N,1,1,N,없음,064-728-8154,24시간
봉글레산,,제주특별자치도 제주시 추자면 대서리 산 175,Y,0,1,N,없음,064-728-4282,24시간
북촌어촌정주어항,,제주특별자치도 제주시 조천읍 북촌리 1363-4,N,1,1,N,없음,064-728-8765,24시간
북촌해동공중화장실,,제주특별자치도 제주시 조천읍 북촌리 1445,N,1,2,N,없음,064-728-8765,24시간
비양도공중화장실,,제주특별자치도 제주시 한림읍 협재리 산117-1,N,1,2,N,없음,064-728-7656,24시간
비양도대합실,제주특별자치도 제주시 한림읍 한림해안로 196,제주특별자치도 제주시 한림읍 대림리 2019-17,N,2,3,N,없음,064-728-7656,24시간
비양동탈의장,,제주특별자치도 제주시 우도면 연평리 682-6,N,1,3,N,없음,064-728-4353,24시간
비양리포구,제주특별자치도 제주시 한림읍 비양도길 2,제주특별자치도 제주시 한림읍 협재리 3028-1,N,2,5,N,없음,064-728-7656,24시간
사라봉 다목적체육관,제주특별자치도 제주시 동문로 169,제주특별자치도 제주시 건입동 546-7,N,3,6,N,남자화장실+여자화장실,064-752-3391,08:00~22:00
사라봉공원(동쪽.베드민턴장옆),제주특별자치도 제주시 사라봉동길 74,제주특별자치도 제주시 건입동 387-1,N,3,4,Y,여자화장실,064-728-3605,24시간
사라봉공원(서쪽),제주특별자치도 제주시 사라봉동길 74,제주특별자치도 제주시 건입동 387-1,N,2,2,N,없음,064-728-3605,24시간
사라봉공원(정상),제주특별자치도 제주시 사라봉동길 74,제주특별자치도 제주시 건입동 387-1,N,3,3,N,없음,064-728-3605,24시간
사라봉축구장,제주특별자치도 제주시 동문로 169,제주특별자치도 제주시 건입동 546-7,N,2,3,N,없음,064-752-3391,08:00~22:00
사려니숲길 주차장,,제주특별자치도 제주시 봉개동 2750-2,N,4,4,N,남자화장실+여자화장실,064-728-3595,24시간
산지천,제주특별자치도 제주시 관덕로17길 13-1,제주특별자치도 제주시 일도일동 1210-2,N,1,2,N,없음,064-728-4416,24시간
산호사,,제주특별자치도 제주시 우도면 연평리 2565,N,1,2,N,없음,064-728-4342,24시간
삼무공원,제주특별자치도 제주시 신대로10길 48-9,제주특별자치도 제주시 연동 270-5,N,4,5,N,여자화장실,064-728-3605,24시간
삼양게이트볼구장,제주특별자치도 제주시 원당북로 45,제주특별자치도 제주시 삼양일동 745,N,1,2,N,없음,064-752-3391,08:00~22:00
삼양동 버스회차지,,제주특별자치도 제주시 삼양일동 1579-1,N,1,1,N,없음,064-728-8175,24시간
삼양축구장,제주특별자치도 제주시 원당북로 45,제주특별자치도 제주시 삼양일동 745,N,2,3,N,없음,064-752-3391,08:00~22:00
삼양포구,제주특별자치도 제주시 서흘1길 79,제주특별자치도 제주시 삼양일동 1912-7,N,2,3,N,없음,064-728-8175,24시간
삼양해수욕장,제주특별자치도 제주시 선사로8길 15,제주특별자치도 제주시 삼양일동 1569-43,N,3,4,N,없음,064-728-8175,24시간
삼화제6호 근린공원,,제주특별자치도 제주시 도련일동 1912,N,2,7,Y,여자화장실,064-728-3605,24시간
상추자대합실,제주특별자치도 제주시 추자면 추자로 3,제주특별자치도 제주시 추자면 대서리 4-39,N,2,7,N,없음,064-728-4282,24시간
새별오름 공중화장실(산불초소 아래 화장실),,제주특별자치도 제주시 애월읍 봉성리 산59-17,N,1,4,N,없음,064-728-2765,축제시기에만 한시적으로 개방
새별오름 공중화장실(새별오름 동측 화장실),,제주특별자치도 제주시 애월읍 봉성리 산59-18,N,1,4,N,없음,064-728-2765,축제시기에만 한시적으로 개방
새별오름화장실(부리부리),,제주특별자치도 제주시 애월읍 봉성리 4554-15,N,2,4,N,없음,064-728-8883,24시간
샛도리물,,제주특별자치도 제주시 삼양일동 1938-3,N,2,3,N,없음,064-728-8175,24시간
서동항포구,,제주특별자치도 제주시 구좌읍 평대리 2025-6,N,0,0,N,남자화장실+여자화장실,064-728-7745,24시간
서문공설시장(서쪽입구-제중 건너편),제주특별자치도 제주시 서문로4길 13-2,제주특별자치도 제주시 용담일동 135-9,N,3,3,N,없음,064-728-2825,24시간
서문동해녀탈의장,제주특별자치도 제주시 구좌읍 하도서문길 23,제주특별자치도 제주시 구좌읍 하도리 1900-4,N,1,1,N,없음,064-728-7745,24시간
서우봉해변(관리사무소),제주특별자치도 제주시 조천읍 조함해안로 534,제주특별자치도 제주시 조천읍 함덕리 1004-57,N,2,3,N,없음,064-728-8765,24시간
서우봉해변(관리사무소동쪽),제주특별자치도 제주시 조천읍 조함해안로 525,제주특별자치도 제주시 조천읍 함덕리 산 14-1,N,4,3,N,없음,064-728-8765,24시간
서우봉해변(관리사무소앞),제주특별자치도 제주시 조천읍 조함해안로 525,제주특별자치도 제주시 조천읍 함덕리 산 14-1,N,3,6,N,없음,064-728-8765,24시간
서우봉해변야영장,제주특별자치도 제주시 조천읍 조함해안로 585,제주특별자치도 제주시 조천읍 함덕리 200,N,3,5,N,없음,064-728-8765,24시간
석두청산,,제주특별자치도 제주시 추자면 신양리 149-2,N,1,1,N,없음,064-728-4282,24시간
선운정사내,제주특별자치도 제주시 애월읍 구몰동길 65,제주특별자치도 제주시 애월읍 봉성리 3608,N,3,3,N,없음,064-728-8883,24시간
세미오름주차장,,제주특별자치도 제주시 구좌읍 송당리 산 145-2,N,0,2,N,없음,064-728-7745,24시간
세화리해수욕장,제주특별자치도 제주시 구좌읍 해맞이해안로 1465,제주특별자치도 제주시 구좌읍 세화리 1381-2,N,1,3,N,남자화장실+여자화장실,064-728-7745,24시간
세화항포구,제주특별자치도 제주시 구좌읍 해맞이해안로 1391,제주특별자치도 제주시 구좌읍 세화리 1500-66,N,2,5,N,여자화장실,064-728-7745,24시간
수산봉정상,,제주특별자치도 제주시 애월읍 수산리 산 1-1,N,1,1,N,없음,064-728-8883,24시간
수운공원(학생문화원옆),제주특별자치도 제주시 청귤로5길 6-9,제주특별자치도 제주시 이도이동 371,N,4,5,Y,없음,064-728-3605,24시간
수원리공중화장실,제주특별자치도 제주시 한림읍 한림해안로 271,제주특별자치도 제주시 한림읍 수원리 724-2,N,1,3,N,없음,064-728-7656,24시간
시민복지타운,제주특별자치도 제주시 복지로9길 25,제주특별자치도 제주시 도남동 749,N,2,2,N,여자화장실,064-728-3605,24시간
시민복지타운광장,,제주특별자치도 제주시 도남동 582,N,3,4,N,없음,064-728-4505,24시간
시민화장실,제주특별자치도 제주시 광양9길 10,제주특별자치도 제주시 이도이동 1176-1,N,2,2,N,여자화장실,064-728-2423,24시간
신대,,제주특별자치도 제주시 추자면 예초리 75,Y,0,1,N,없음,064-728-4282,24시간
신동해녀탈의장,,제주특별자치도 제주시 구좌읍 하도리 468-4,N,1,1,N,없음,064-728-7745,24시간
신비의도로(소정도채비옆),제주특별자치도 제주시 1100로 2894-65,제주특별자치도 제주시 노형동 289-14,N,1,2,N,없음,064-728-8265,24시간
신사수항,제주특별자치도 제주시 서해안로 301-8,제주특별자치도 제주시 도두이동 1675-3,N,1,3,N,없음,064-728-4965,24시간
신산공원1(동쪽.입구쪽),제주특별자치도 제주시 신산로 92-12,제주특별자치도 제주시 일도이동 885,N,5,8,Y,여자화장실,064-728-3605,24시간
신산공원2(서쪽.하천옆),,제주특별자치도 제주시 일도이동 915,N,3,4,Y,여자화장실,064-728-3605,24시간
신양항,제주특별자치도 제주시 추자면 추자로 576-2,제주특별자치도 제주시 추자면 신양리 434-9,N,1,2,N,없음,064-728-4282,24시간
신엄농산물직거래장터,,제주특별자치도 제주시 애월읍 신엄리 3092,N,1,2,N,없음,064-728-8883,24시간
신창싱게물,,제주특별자치도 제주시 한경면 신창리 1321-2,N,1,3,N,없음,064-728-7952,24시간
신촌어촌정주어항,,제주특별자치도 제주시 조천읍 신촌리 2077-7,N,1,1,N,없음,064-728-8765,24시간
아라 신비의도로 공중화장실,제주특별자치도 제주시 산록북로 813,제주특별자치도 제주시 아라일동 385-27,N,2,3,N,없음,064-728-2765,24시간
안비양,,제주특별자치도 제주시 우도면 연평리 5-1,N,1,4,N,없음,064-728-4342,24시간
애월읍공설묘지,,제주특별자치도 제주시 애월읍 광령리 산157,N,1,1,N,없음,064-728-8883,24시간
애월읍충혼묘지,,제주특별자치도 제주시 애월읍 수산리 산 1-1,N,1,2,N,없음,064-728-8883,24시간
애향운동장,제주특별자치도 제주시 서광로2길 24,제주특별자치도 제주시 오라일동 1165,N,5,7,N,없음,064-728-3297,연중
야구장,제주특별자치도 제주시 서광로2길 24,제주특별자치도 제주시 오라일동 1165,N,18,36,N,없음,064-728-3276,07:00~22:00
양식단지 앞,,제주특별자치도 제주시 구좌읍 행원리 573-3,N,1,2,N,없음,064-728-7745,24시간
어영공원,제주특별자치도 제주시 서해안로 451,제주특별자치도 제주시 용담삼동 2396-2,N,3,5,Y,없음,064-728-4631,24시간
연대화장실,,제주특별자치도 제주시 외도이동 1956-53,N,1,2,N,없음,064-728-8314,24시간
연동공원,제주특별자치도 제주시 신광로12길 17,제주특별자치도 제주시 연동 1369,N,2,4,N,없음,064-728-3605,24시간
연동주민센터옆공중화장실,제주특별자치도 제주시 신대로 101,제주특별자치도 제주시 연동 302-6,N,2,2,N,없음,064-728-8235,24시간
연북정,제주특별자치도 제주시 조천읍 조천북1길 11-13,제주특별자치도 제주시 조천읍 조천리 2714-5,N,1,1,N,없음,064-728-8765,24시간
영흥리,제주특별자치도 제주시 추자면 추자로 107,제주특별자치도 제주시 추자면 영흥리 367-14,N,1,2,N,없음,064-728-4282,24시간
예초리,,제주특별자치도 제주시 추자면 예초리 200-5,N,1,2,N,없음,064-728-4282,24시간
오당빌레,,제주특별자치도 제주시 애월읍 하가리 846-1,N,1,2,N,없음,064-728-8883,24시간
오래물,제주특별자치도 제주시 서해안로 170,제주특별자치도 제주시 도두일동 2605-6,N,1,3,N,없음,064-728-4965,24시간
오지박,,제주특별자치도 제주시 추자면 묵리 산 39-3,N,1,2,N,없음,064-728-4282,24시간
올레13코스,,제주특별자치도 제주시 한경면 용수리 715-1,N,1,2,N,없음,064-728-7952,24시간
옹포천 어울공원,제주특별자치도 제주시 한림읍 한림상로 36-6,제주특별자치도 제주시 한림읍 옹포리 9-8,N,2,5,N,없음,064-728-3794,9시간
외도2운동장,,제주특별자치도 제주시 외도일동 179,N,2,4,N,없음,064-752-3391,08:00~18:00
외도수영장,제주특별자치도 제주시 조공포길 7,제주특별자치도 제주시 외도일동 364-1,N,2,2,N,없음,064-752-3391,09:00~18:00
외도운동장,제주특별자치도 제주시 통물길 55,제주특별자치도 제주시 외도일동 585,N,2,2,N,없음,064-752-3391,08:00~22:00
용눈이오름,,제주특별자치도 제주시 구좌읍 종달리 산28,N,1,3,N,남자화장실+여자화장실,064-728-7745,24시간
용담공원(용두암주차장),제주특별자치도 제주시 용두암길 15,제주특별자치도 제주시 용담이동 483,N,6,18,N,남자화장실+여자화장실,064-728-3605,24시간
용담체육공원,제주특별자치도 제주시 서해안로 580,제주특별자치도 제주시 용담삼동 1089,N,5,7,Y,여자화장실,064-728-4631,24시간
용당포구,,제주특별자치도 제주시 한경면 용수리 3891-3,N,1,2,N,없음,064-728-7952,24시간
용수절부암,,제주특별자치도 제주시 한경면 용수리 4274-2,N,1,3,N,없음,064-728-7952,24시간
용수충혼묘지,,제주특별자치도 제주시 한경면 용수리 3043,N,1,1,N,없음,064-728-7952,24시간
용연공원,,제주특별자치도 제주시 용담일동 351,N,2,4,N,남자화장실+여자화장실,064-728-3605,24시간
우도봉,,제주특별자치도 제주시 우도면 연평리 산 27-3,N,4,4,N,없음,064-728-4342,24시간
우도봉담수장,,제주특별자치도 제주시 우도면 연평리 383-1,N,2,5,N,없음,064-728-4342,24시간
원당봉,제주특별자치도 제주시 원당로16길 16-30,제주특별자치도 제주시 삼양일동 산 1-2,N,4,6,N,없음,064-728-3605,24시간
월대천화장실,,제주특별자치도 제주시 외도이동 2552-7,N,1,1,N,없음,064-728-8314,24시간
월랑봉,,제주특별자치도 제주시 구좌읍 세화리 2705,N,1,3,N,여자화장실,064-728-7745,24시간
월령주차장,제주특별자치도 제주시 한림읍 월령안길 27,제주특별자치도 제주시 한림읍 월령리 376-1,N,1,3,N,없음,064-728-7656,24시간
이도2동 주민센터 앞 주차장,제주특별자치도 제주시 오복3길 9,제주특별자치도 제주시 이도이동 1052-2,N,1,2,Y,남자화장실+여자화장실,064-728-3246,13시간
이도근린공원(한마음병원북측),제주특별자치도 제주시 이도공원동길 6,제주특별자치도 제주시 이도이동 440,N,2,5,Y,남자화장실,064-728-3605,24시간
이호비치,,제주특별자치도 제주시 이호일동 438,N,2,6,N,없음,064-728-4935,24시간
이호운동장,제주특별자치도 제주시 오광로6길 58-11,제주특별자치도 제주시 이호이동 1231,N,1,2,N,없음,064-752-3391,08:00~18:00
이호테우해변(상황실1층),제주특별자치도 제주시 테우해안로 172-23,제주특별자치도 제주시 이호일동 1665-1,N,7,6,N,없음,064-728-4935,24시간
인공암벽장,제주특별자치도 제주시 서광로2길 24,제주특별자치도 제주시 오라일동 1165,N,2,3,N,없음,064-728-3273,09:00~18:00
인제 공영주차장,제주특별자치도 제주시 고마로19길 5,제주특별자치도 제주시 일도이동 409-11,N,1,2,Y,없음,064-728-3246,9시간
일도1동주민센터 앞,제주특별자치도 제주시 중앙로7길 15,제주특별자치도 제주시 일도일동 1306-7,N,2,2,N,없음,064-728-4416,24시간
자구네 해적잠수함,,제주특별자치도 제주시 한경면 고산리 3615-11,N,2,2,N,없음,064-728-7952,24시간
자구네포구,,제주특별자치도 제주시 한경면 고산리 3616-25,N,2,5,N,없음,064-728-7952,24시간
장작평사,,제주특별자치도 제주시 추자면 신양리 874-13,N,2,2,N,없음,064-728-4282,24시간
저지오름,,제주특별자치도 제주시 한경면 저지리 산 50-8,N,1,4,N,여자화장실,064-728-7952,24시간
저지오름주차장,,제주특별자치도 제주시 한경면 저지리 산 52,N,1,2,N,없음,064-728-7952,24시간
전흘동망루,,제주특별자치도 제주시 우도면 연평리 798,N,1,1,N,없음,064-728-4342,24시간
절물자연휴양림1,제주특별자치도 제주시 명림로 584,제주특별자치도 제주시 봉개동 산 78-1,N,3,10,N,여자화장실,064-728-1510,24시간
절물자연휴양림2,제주특별자치도 제주시 명림로 584,제주특별자치도 제주시 봉개동 산 78-1,N,4,9,N,여자화장실,064-728-1510,24시간
절물자연휴양림3,제주특별자치도 제주시 명림로 584,제주특별자치도 제주시 봉개동 산 78-1,N,1,3,N,없음,064-728-1510,24시간
정구장,제주특별자치도 제주시 서광로2길 24,제주특별자치도 제주시 오라일동 1165,N,2,3,N,없음,064-728-3296,06:00~22:00
제39호 어린이공원(수운공원서쪽),,제주특별자치도 제주시 이도이동 375-1,Y,2,0,N,없음,064-728-3605,24시간
제40호 어린이공원(탐라교회옆),,제주특별자치도 제주시 이도이동 404,Y,2,0,N,없음,064-728-3605,24시간
제41호 어린이공원(제주은행 동쪽),,제주특별자치도 제주시 일도이동 65,Y,2,0,N,없음,064-728-3605,24시간
제42호 어린이공원(동광성당 동쪽),제주특별자치도 제주시 태성로4길 23,제주특별자치도 제주시 일도이동 88,Y,2,0,N,없음,064-728-3605,24시간
제일주차빌딩,제주특별자치도 제주시 관덕로15길 3,제주특별자치도 제주시 일도일동 1476-33,Y,1,0,Y,없음,064-728-3246,14시간
제주대학교버스회차지,제주특별자치도 제주시 제주대학로 102,제주특별자치도 제주시 아라일동 1,N,1,2,N,없음,064-728-8205,24시간
제주시 생활체육공원,제주특별자치도 제주시 와흘전1길 32,제주특별자치도 제주시 회천동 3-21,N,1,3,N,없음,064-752-3391,08:00~18:00
제주시생활체육공원 (파크골프장),제주특별자치도 제주시 와흘전1길 32,제주특별자치도 제주시 회천동 3-21,N,1,2,N,없음,064-752-3391,08:00~18:00
조수돗곳물,,제주특별자치도 제주시 한경면 조수리 1902-1,N,1,2,N,없음,064-728-7952,24시간
족은노꼬메오름주차장,,제주특별자치도 제주시 애월읍 유수암리 산 28,N,1,1,N,없음,064-728-8883,24시간
종달리삼거리,,제주특별자치도 제주시 구좌읍 종달리 3275,N,1,2,N,없음,064-728-7745,24시간
종합경기장 실내수영장 내부,제주특별자치도 제주시 서광로2길 24,제주특별자치도 제주시 오라일동 1165,N,16,18,Y,없음,064-728-3292,06:00~21:00
종합경기장 실내수영장 외부,제주특별자치도 제주시 서광로2길 24,제주특별자치도 제주시 오라일동 1165,N,2,2,Y,없음,064-728-3292,24시간
주경기장,제주특별자치도 제주시 서광로2길 24,제주특별자치도 제주시 오라일동 1165,N,31,91,N,없음,064-728-3299,연중
중앙로상점가 주차장한짓골,제주특별자치도 제주시 중앙로 85,제주특별자치도 제주시 이도일동 1469-2,N,3,6,N,없음,064-728-2825,24시간
중엄소공원,,제주특별자치도 제주시 애월읍 신엄리 961,N,1,2,N,없음,064-728-8883,24시간
지미봉주차장,,제주특별자치도 제주시 구좌읍 종달리 산 2,N,1,3,N,없음,064-728-7745,24시간
차귀섬,,제주특별자치도 제주시 한경면 고산리 산 34,Y,1,0,N,없음,064-728-7952,24시간
창흥동해수욕장,제주특별자치도 제주시 구좌읍 해맞이해안로 1973,제주특별자치도 제주시 구좌읍 하도리 46-3,N,4,8,N,없음,064-728-7745,24시간
청수 곶자왈,,제주특별자치도 제주시 한경면 청수리 97,N,0,1,N,없음,064-728-7952,24시간
추석산,,제주특별자치도 제주시 추자면 신양리 산 20-2,N,1,1,N,없음,064-728-4282,24시간
추자교량,,제주특별자치도 제주시 추자면 영흥리 100-1,N,1,2,N,없음,064-728-4282,24시간
충혼묘지 화장실,,제주특별자치도 제주시 노형동 3825,N,2,2,N,없음,064-744-6456,24시간
칠성로 차없는 거리 공중화장실,제주특별자치도 제주시 임항로 8,제주특별자치도 제주시 삼도이동 1192-8,N,1,2,N,없음,064-728-4571,24시간
칠성로상점가(제주시 활성화구역내),제주특별자치도 제주시 관덕로13길 12,제주특별자치도 제주시 일도일동 1476-20,N,2,3,N,없음,064-728-2825,24시간
큰노꼬메오름주차장,,제주특별자치도 제주시 애월읍 소길리 산 255-4,N,2,3,N,없음,064-728-8883,24시간
탑동제1공원(이마트옆),제주특별자치도 제주시 탑동해안로 46,제주특별자치도 제주시 삼도이동 1256,N,2,4,Y,여자화장실,064-728-3605,24시간
탑동제2공원(공연장앞),제주특별자치도 제주시 중앙로 2,제주특별자치도 제주시 삼도이동 1262,N,4,10,Y,남자화장실+여자화장실,064-728-3605,24시간
톨칸이,,제주특별자치도 제주시 우도면 연평리 1723,N,1,2,N,없음,064-728-4342,24시간
팔각정 공원,,제주특별자치도 제주시 추자면 대서리 2-11,N,1,2,N,없음,064-728-4282,24시간
평대해수욕장,,제주특별자치도 제주시 구좌읍 평대리 1994-20,N,1,1,N,없음,064-728-7745,24시간
하가연하못옆,제주특별자치도 제주시 애월읍 하가로 182,제주특별자치도 제주시 애월읍 하가리 1359-2,N,1,1,N,없음,064-728-8883,24시간
하가연화못주차장,,제주특별자치도 제주시 애월읍 하가리 1569-5,N,1,2,N,없음,064-728-8883,24시간
하고수동 탈의장,,제주특별자치도 제주시 우도면 연평리 1185-5,N,3,3,N,없음,064-728-4353,24시간
하도별방진,,제주특별자치도 제주시 구좌읍 하도리 1768-1,N,1,1,N,없음,064-728-7745,24시간
하도어촌체험어장,,제주특별자치도 제주시 구좌읍 하도리 22-2,N,2,4,N,없음,064-728-7745,24시간
하우목동항,제주특별자치도 제주시 우도면 우도해안길 353,제주특별자치도 제주시 우도면 연평리 2391-1,N,3,5,N,없음,064-728-4353,12시간
하추자대합실,제주특별자치도 제주시 추자면 신양2길 28-8,제주특별자치도 제주시 추자면 신양리 434-1,N,3,4,N,없음,064-728-4282,여객선 개항시
한담공원,,제주특별자치도 제주시 애월읍 애월리 2461,N,1,2,N,없음,064-728-8883,24시간
한라씨름장,제주특별자치도 제주시 서광로2길 24,제주특별자치도 제주시 오라일동 1165,N,2,3,N,없음,064-728-3273,09:00~18:00
한라체육관,제주특별자치도 제주시 서광로2길 24,제주특별자치도 제주시 오라일동 1165,N,16,32,N,없음,064-728-3295,09:00~18:00
한림매일시장,,제주특별자치도 제주시 한림읍 한림리 1314-200,N,1,3,N,없음,064-728-7656,24시간
한림오일시장(남측),제주특별자치도 제주시 한림읍 한수풀로4길 10,제주특별자치도 제주시 한림읍 대림리 1705-4,N,4,7,N,없음,064-728-7656,24시간
한림오일시장(북측),,제주특별자치도 제주시 한림읍 대림리 1699,N,4,7,N,없음,064-728-7656,24시간
한림중앙상가(1층 동쪽),제주특별자치도 제주시 한림읍 한림북동길 2,제주특별자치도 제주시 한림읍 한림리 1315-5,N,3,6,N,없음,064-728-7656,24시간
한림중앙상가(1층 서쪽),제주특별자치도 제주시 한림읍 한림북동길 2,제주특별자치도 제주시 한림읍 한림리 1315-5,N,4,5,N,없음,064-728-7656,24시간
한림중앙상가(2층 동쪽),제주특별자치도 제주시 한림읍 한림북동길 2,제주특별자치도 제주시 한림읍 한림리 1315-5,N,3,6,N,없음,064-728-7656,24시간
한림중앙상가(2층서쪽),제주특별자치도 제주시 한림읍 한림북동길 2,제주특별자치도 제주시 한림읍 한림리 1315-5,N,4,5,N,없음,064-728-7656,24시간
한마음공원(곰솔곶화장실),,제주특별자치도 제주시 이도이동 1942-1,N,2,5,Y,남자화장실+여자화장실,064-728-3605,24시간
한장동,제주특별자치도 제주시 한경면 노을해안로 865,제주특별자치도 제주시 한경면 고산리 3855-8,N,1,3,N,없음,064-728-7952,24시간
함덕어촌정주어항,,제주특별자치도 제주시 조천읍 함덕리 3113-5,N,1,1,N,없음,064-728-8765,24시간
함덕오일시장,제주특별자치도 제주시 조천읍 함덕16길 15-13,제주특별자치도 제주시 조천읍 함덕리 972-7,N,2,2,N,없음,064-728-8765,"매월 1일,6일 장이 열리는 날"
항개해녀탈의장,,제주특별자치도 제주시 구좌읍 김녕리 4070-1,N,1,2,N,없음,064-728-7745,24시간
해녀박물관 축구장 옆 주차장,,제주특별자치도 제주시 구좌읍 하도리 3207,N,1,4,N,없음,064-728-7745,24시간
해신사,제주특별자치도 제주시 진북길 13-1,제주특별자치도 제주시 화북일동 1619-1,N,1,2,N,없음,064-728-8154,24시간
해안포구,제주특별자치도 제주시 금산5길 30-10,제주특별자치도 제주시 화북일동 4269-8,N,2,4,N,여자화장실,064-728-8154,24시간
현사어촌정주어항,제주특별자치도 제주시 테우해안로 143,제주특별자치도 제주시 이호일동 1788-6,N,1,2,N,없음,064-728-4935,24시간
협재해수욕장,제주특별자치도 제주시 한림읍 한림로 329-10,제주특별자치도 제주시 한림읍 협재리 2447,N,5,7,N,없음,064-728-7656,24시간
홍조단괴 탈의장,제주특별자치도 제주시 우도면 우도해안길 256,제주특별자치도 제주시 우도면 연평리 2512-3,N,2,5,N,없음,064-728-4353,24시간
횡간도1,,제주특별자치도 제주시 추자면 대서리 산 52,Y,0,1,N,없음,064-728-4282,24시간
횡간도2,제주특별자치도 제주시 추자면 횡간도길 51,제주특별자치도 제주시 추자면 대서리 산 98,Y,0,1,N,없음,064-728-4282,24시간
횡간도3,,제주특별자치도 제주시 추자면 대서리 산 87,Y,0,1,N,없음,064-728-4282,24시간
후포 해안변 공원,제주특별자치도 제주시 추자면 대서5길 87,제주특별자치도 제주시 추자면 대서리 267,N,1,2,N,없음,064-728-4282,24시간
휴양팬션,제주특별자치도 제주시 추자면 석두리길 4,제주특별자치도 제주시 추자면 신양리 874-11,N,1,2,N,없음,064-728-4282,24시간
